cell_id,true_type,bar_1,bar_2,bar_3,bar_4,bar_5,bar_6,bar_7,bar_8,bar_9,bar_10,bar_11,bar_12,prj_1,prj_2,prj_3,prj_4,prj_5,prj_6,prj_7,prj_8
1,1,-0.23935961763744723,0.17056949049680115,0.857087326880511,-1.2348143350454173,0.3787460790646488,-0.5742852737042717,1.2356752421312278,0.4823821761919761,-0.26365075115279946,-1.0195681940392645,1.158766769948911,-1.504397029235226,-1.4328322291651536,0.43678162135087395,-1.6636285777744286,1.2880977359702301,-2.407253015903853,-0.6374150732172866,1.202135703333858,0.3012111545101374
2,3,-0.8739651015833401,-1.111382937682978,-0.15223470572532305,-0.731263550729178,1.090793086040128,0.7333427501710172,-1.14082967184613,-0.924684960444044,0.17438941531182384,-0.20490557052202898,1.057569747031953,0.24107726519343659,0.36197082705512107,0.3056762420753446,-0.6763722580269267,0.8339058620328211,-0.25125529915912215,1.2458897512690636,1.2936793906989996,-0.023849692400630895
3,0,-0.4365436733699886,-1.3518319487651098,-0.35089772223858984,1.4486854738427373,-2.128813346332855,-2.4788245424644444,-0.6846228617987479,-0.06543151438342598,0.6537000968112161,0.7443407857798493,3.2104879476686925,1.1093194820497454,-0.11271693295359653,-1.638057955096156,0.5032885685650528,-0.019064650409720496,-1.7894416279994148,-0.8093486556051478,-0.5830053634259037,0.21390633638677303
4,2,-1.768074177926593,-0.7411798777468943,0.4892831448986923,1.779787995227985,0.5169522287742971,1.2170126118263287,1.7422111220391396,-1.3543700295182353,-1.284336138857435,-1.3939535798764804,2.318755208523627,0.4718629493413826,1.382017942781931,0.0710054927303041,0.39653333805095775,-0.15439101977987663,0.7326655631306815,-0.2239143457899621,-1.7995164796814342,-0.7764294528178162
5,1,0.20410103173891164,2.390514212096381,0.5955026331107962,-0.9542031237711444,0.5974116957645331,0.08591879253646095,1.0539563023983576,-0.37866769565324265,0.7001686045026506,-0.33792439363465054,2.451146132270824,-0.007941932291277237,-1.254717476603084,0.40041395183786377,0.4549112300917566,2.3472109312181186,-1.8264851422418853,-0.6414348868945651,1.3319084988987673,-0.2994142142755123
6,3,-0.11804495103093211,-0.9709107957821381,-0.5544215766520927,1.7765782768756746,0.8157220967248388,1.0583053029266813,-2.3056473881135124,0.1931866015226254,-0.5578984070935687,-0.7563618516098894,0.1689068844051892,-0.0437032037859674,-0.18673025211680083,-0.5639534301378872,0.1669309301460992,0.3031498074009054,-0.689391121826103,0.9607459513203975,1.0560827435704776,0.7605719462339566
7,3,0.0800499753621022,-0.6988977901995592,-1.6919916734779328,0.7229846131270005,0.9258368353145664,2.5571334983323313,0.8359659817366419,-0.4504333573803363,-0.11322088009861266,-0.9520650047405895,0.39886316677740064,0.4760795516469547,0.045230610708975605,-0.08610632614112285,-0.380891415983672,-1.0273458697231557,-0.5573853827724604,-0.6913918384109363,0.2020388520744777,-1.010835162254309
8,3,1.5894502319677635,-1.870094541981753,-1.7019096784549514,2.1201236104817527,3.067307906595768,-0.39409903475507846,-0.9601088727191187,0.5054057638191274,1.499643924665202,-0.570797066013577,0.6752065011945021,0.8454656096240775,-0.5716394264283164,0.1962358870696846,0.03536736445773232,-0.4094312926282173,-0.6177916415162664,-0.05457030093044987,0.8113263056683415,-0.7536083147754513
9,2,-0.14692269544374442,-0.3096092724259357,0.5323767000264801,-0.21180236247019962,0.6659280209346348,0.35299172427709113,3.816182248014937,0.8522689055955783,-0.2035654870263367,-1.4242184960036917,-0.27394975501123875,2.0818866551919837,0.9214259599105658,1.177461957913214,-1.7443938618277919,0.2795989925819775,1.2215121518286443,-1.0796488724131974,-1.652906169297881,-0.922313450518265
10,2,-0.6299097247286155,-0.2300835408062547,1.7095027639478744,-1.6878826883809597,0.22325239998824098,0.5720309401058403,2.378442792620141,-0.7039466814416475,-1.9176201550544034,-0.55137634127659,1.9978595939068438,-0.09811683121201864,1.4022889907514058,0.53052705670161,-0.39778454891151543,-1.3046706012277265,0.5904109433724525,0.848731350877552,-0.8095621297477562,0.25256207032447464
11,1,0.41722522455185507,1.78963174840568,0.2302525794242789,-0.8060558101958744,-0.1891882745577227,-0.16721545315311637,-0.06419259718462,0.5759543629478763,-0.33738320954938816,0.25606813036991416,1.823236529659038,1.3019874440486392,0.3094775016842321,0.23730910671180316,-0.919393654011804,0.030672600515628035,-2.0974936455088247,0.8740977166356025,0.6727801138231624,0.02707798849628107
12,0,-0.2321951421628336,-0.7903765289995004,1.6747008246918142,1.4275738941707656,-3.7840667955323166,-1.0586861236381102,0.1854672617533477,0.014869635954572247,1.276166587816677,-2.5036345490173746,0.40651523470994405,1.250516993663632,-0.5863619564912591,1.2483383079316985,0.5838046888505108,1.3085554145132636,-1.9139107490731022,0.3313397356156671,0.38440459049843523,-0.45257543213360724
13,2,-0.5463507663553896,-0.47415157645011663,0.8390242770361448,1.1653034618923142,-0.4340962539867391,0.3308137787522206,3.32681203899764,-1.001285599434667,-1.1700427429037936,-0.6519277747829229,1.2914875749637518,1.138113137169419,1.7743950521424463,1.4787824212531469,0.32473098126361194,-0.019058591605292496,2.720098361534022,-0.35543367597445025,-2.8785041569911334,0.1501162752102323
14,2,-1.7101354550102477,-1.3534513217731412,-0.7487131641417343,-0.26986496765626083,0.7644418964095833,0.8501712772580996,2.3626669443333044,-1.5366277234985088,-2.3603254783776526,-0.7702898599355719,0.238558595664827,1.496480910094181,1.272789480769871,0.9039403808468708,0.25938139605224547,-0.2789826933725124,1.2820276457383273,-0.7550429351775209,-1.4193754544030888,-0.9758663366779148
15,0,0.09204604622212814,-1.1340178401029999,1.4140664294257157,-0.653883580452111,-2.9882130511136453,-2.487927824816575,-1.7390524927113586,-0.8588541444677236,0.5827459622779035,-1.08095118067964,1.0376300404163104,1.6491659327975823,1.741062468886048,0.012268721707979817,1.371988110345502,0.7049895525858277,-2.127074398917636,-0.7951914981162895,-1.6548018643448086,-1.349384931230264
16,0,-0.8010281325472006,-0.7257221316325604,-0.08198395551957027,1.3203223871617755,-2.0559045092040176,-2.7669041675403427,0.8704779964220729,-0.800243162590567,-0.4439213482031325,-1.7088458566053322,0.3559713535127842,1.1201042879848822,0.5275180903227704,0.3305086713148763,0.5786568818330591,1.687817550261074,-1.7313847405471698,-1.501157469833887,0.38340527896479093,-0.9040683859211457
17,0,0.5837377949914675,0.5208259418605441,2.41203561904946,0.9960696244974369,-1.8228827140001762,-0.4411873808892096,-0.5486884230465924,-0.049786294248978125,-0.03749143586737392,-0.6019173584075372,0.21270293010330388,-0.4938620592182269,-0.9794731857211386,-0.8263282209027948,-0.07782082926148226,0.39673495651953095,0.09262911008794705,0.5651234795685373,-1.2400455473660974,-0.36071108628257637
18,2,0.06700907141720741,-0.6235403375954418,1.3833904117408355,-0.5481065165498449,0.4178038614858032,2.5089599842845485,2.3201113949706813,0.7401565889003225,-0.4390265865329708,-0.34915105198404034,0.5705528670613425,0.992646227789528,0.08764066241251922,1.1375883223659677,-1.029954823597052,0.07011639638617617,1.726205484813882,0.10192080090816905,-1.5046853101824753,-0.7701147505565238
19,2,-0.6968137166580242,-1.9447831465874277,-0.6637394786284153,1.456533848215206,1.128880597173337,-0.14476318361994955,0.9396448360377436,-2.7780380866579364,-0.9470391354176451,1.1225592815500443,0.9638868397464135,0.6813144638813,1.0832907473931,-0.4554194471956291,-0.586583762406546,-0.38276981425197637,0.7890953598003151,0.44134057247044967,-0.9999701423490799,-0.5986263995170831
20,1,-0.710088918159914,0.41708468239638496,1.5361368113082319,-1.0123676522392864,1.4918078977357445,-1.312911170342746,2.0424867623238416,0.05526274245810885,0.02172069511289562,0.5708448729319822,0.9331249567186932,-0.9074271588087688,-0.6339936176493672,1.8568084717489068,-2.118438373437655,1.478255076712378,-2.1138868257099994,0.583365098601076,-1.752655178815372,-0.0430302887240569
21,3,-0.257328758014679,-1.04285853212094,-0.9518291127952883,0.8133033803206559,-0.06357466235104392,1.1086339810244357,-0.13537693098030712,0.5401916731916006,0.5619125633417388,0.45582299737594056,2.4994874201330437,0.15392021193267436,-1.1651188606692728,-0.10566132023213831,-0.6833844003917042,-0.3050920760130921,-1.138290496921269,0.10199538575505718,0.8930264967655084,-0.26843289287850897
22,0,0.17699843381681776,-1.562317021972265,1.189193532470297,1.0909435863800974,-3.1095369961858745,-1.356563711649842,0.3374690528267902,-1.0359984215337854,0.13507355676566563,-2.0169019157798114,1.948346854872565,1.7761519234764938,0.47689969562952306,0.35834253976015,-1.638818173949916,-0.29378990237372593,-1.6921789559773703,-1.1773776334987889,0.10114453181173155,0.9589593763550532
23,2,0.8605650966365894,-1.3300330005201522,0.7315380833989023,1.8224831450145655,-0.9086747069474255,-0.5940343624687829,1.8027623157017907,-0.8228857466689444,0.1378383011313784,-0.6204449523912072,-0.8039902251382071,1.5413006150415403,0.24919546990833452,1.8129050087529164,-0.8507951013979733,-0.9716440191463558,1.290881169900779,0.41903686098793447,-0.917206832188959,-2.4817650679113274
24,1,-1.072956850758032,1.4842989250024838,-0.1777697811938525,-1.8854001830916558,0.9398068932684185,-0.7655669834875979,0.3872688601929548,1.1110171682305985,-0.5373843008010545,-0.6552434052271936,1.437672096816911,-0.6502622293716931,0.1017667834932598,1.0681794335026162,-1.1951417734662106,2.058392466434154,-2.5153386136257514,-2.265109294729367,1.4515026611145212,2.6256846934448803
25,2,-0.6573061820356426,-0.5040726233060352,-0.35840124798413,0.8290929783452603,0.8323385118248574,-0.7647034928475624,2.7010049862263714,1.2357329691720973,-0.37467446312188946,-1.0836328579026826,0.5023768510494786,1.6211777062957407,-0.6733107046129196,0.9248597975817671,-0.6610962318186857,1.0159082177002694,0.7186376942131876,1.143005764014001,-2.1586788815635276,-0.6634798805612468
26,3,-0.37298082108415564,-2.1937265962983385,-0.8385314768731963,-0.07134568800930907,0.46938142027233637,0.4778840525570982,-2.0300314801011083,-1.0603653483898228,0.5023392775611485,-0.19948636020673136,-1.1803666955082641,0.8514707780611903,-0.7015564817822194,-0.07393911517542312,-0.9110384327760281,1.359131671119238,-0.14777214828819057,2.064621517223973,0.9617412729472866,0.000815973289373495
27,2,0.5730521846890488,-0.7691918853980574,0.18398320719817884,-0.017838472365505786,1.0453739885391797,1.6295205552452685,1.7745752063510207,-0.7462339986190887,-0.260980949975698,-1.010381928258199,1.3776223450874077,-0.672449539774346,0.04986254225933928,0.16741416803076847,-2.2050098821573534,-1.2332625481596104,0.12585098858041288,-0.3521880484966792,-0.385313610009711,-1.3293357349560426
28,2,-1.2090948750550312,-1.0805934576253886,0.9791483529727275,0.1882151717794379,0.9307203641635678,0.4199035695716453,2.702978519342115,-1.2344775076171284,-0.5219104497021513,-0.9823247397384032,-0.35673331670780895,-0.12181006557405927,1.2598258080125846,0.5125853294255427,-1.1665492975663012,-0.5392949422032329,1.760390967136596,-2.0158946011791534,-2.472997275260583,-1.8715963675196947
29,2,-1.3404565574640916,-1.2477622507046506,0.8905601589315171,0.4120635291124356,0.8517236666872896,0.280684210265121,2.364162582034163,-0.27991974846052825,0.109971182196403,-0.16816610269230114,-0.6799181729379203,-0.6688425515517928,1.5126228979140608,1.7435273098094743,-1.1652234878591077,-1.95022011790107,0.9372037380629146,0.5533662561988086,0.16238929460953,-0.7202491563223199
30,3,-0.3533592207630802,-1.652210801545581,0.8145233049993899,2.0787275094824063,1.6520931180477851,-0.1935260499421071,0.01850575214912875,0.7438624506650413,0.4707223085039706,1.2184208103640346,1.3797256922372116,0.8156069378181506,-0.4099272593038432,0.7697938704554488,-1.2844631677007816,0.757382215996214,-0.8722062134158344,-0.8653330750353021,1.971043689407996,1.0738497329883245
31,0,0.3143596242358918,-0.877746284722272,-0.1243259005631292,1.258157759990286,-1.9027264459143027,-2.3443012003298898,0.08688271371400785,-0.380026243429029,1.4212477758114233,-0.13767326476285235,0.8885543261360014,0.9768217832698147,0.7142834655552533,-0.09475211834754672,-0.5768223592206454,0.5104467237529969,-2.054034425177677,-1.3199236474958185,-0.06139520265476772,-0.32586612029675394
32,0,1.152096070871488,-0.2193146319323045,0.7815817613276251,0.264528454015893,-2.817994250540285,-1.0264955830620321,0.4312644306594158,0.7136222969404701,0.8631825627693781,-0.9588268527985178,-0.11596672822586707,0.52250665782023,0.8526985189203147,-0.09408752682263181,-0.17319588777214057,0.8335960778144595,-1.860322012984155,-0.8221240833376006,-0.22121038685004385,-0.9604719123467058
33,1,-0.3189622015311137,2.277462758901203,-0.4621542679353841,-2.552616022059663,-1.1207253385115106,-0.9355946435676635,0.9031841237334317,-0.14401459532634966,0.7864894995975408,-2.819197090886292,1.539288438218689,1.0946210793740565,-1.177366863140055,1.1910961018024797,-1.46814464947614,0.2528015177294578,-1.9438793756342367,0.807103196961829,1.6326624054950218,0.31747095132715997
34,3,-0.18858637737766848,-0.7353102161256126,-0.5321016375769718,3.1936757313187294,1.4242826310792736,-0.02265735565597593,0.10968858893199207,-0.05730470660075343,-0.2751143371802391,0.945569684642702,0.896297248165112,0.4464562803841271,-0.9082641085093773,0.7664272453381118,0.4823984540194846,-0.8590881920965641,0.1060054885510926,-0.6270758447875262,-0.5282489144801924,-0.35607553480718435
35,1,-1.0077094355355096,0.8016862079499857,-0.00038996569435495454,-0.8965622791547098,0.5918422118002898,-1.7651969605278346,1.457876443272255,0.00047598368150689185,-1.698419366194789,-2.2478026967215663,1.2126859043305813,-0.33130333629788544,-0.3578783420863905,1.4725553460102214,-0.6853832440850987,1.7263980424701206,-2.5717536923498514,-1.2724623043064107,-0.7119060212049004,0.8173556650942437
36,1,-0.6003986806755933,0.681058096971861,0.14079844044826445,-0.8284275644985046,0.11935371942454112,-0.11941091239427315,0.33763645676217746,-0.7397802785666874,0.19823806727110874,-1.909443200344837,1.534294702930032,-0.07248693508778867,-0.39309624316121766,2.765562196953806,-1.3635970719290176,2.6165168910107437,-1.8632149309982842,-1.3564981859619574,0.21868872990086582,-0.2747738288957364
37,2,-0.9260619823665137,0.43779056554889095,1.458315391970256,1.5144854696147112,0.8362633372965662,1.5215639726764418,0.637008858491215,-0.6607402552873857,-1.2058469341302784,-0.7183920393459641,0.15882004721810578,0.9960460191611057,2.2169664839560945,0.6575713980636226,-0.017691218496266425,-0.6481672566039554,0.9185465116226208,-0.18649098053275773,-0.9170270705593943,-0.20104118556573902
38,0,-0.6159745275940223,-1.110285500172992,1.5026827677133285,1.6333396271249365,-1.7817474024177962,-0.5930643392079561,0.5204537703623405,0.6440024142638751,0.21468616806140012,-1.1376025800304077,1.1480709804092475,-1.5666835652532725,0.9852221521799345,-2.851151190682936,-1.0896513272343502,0.9927031065913277,-1.0751323500422303,-1.2496142404692456,-1.0400542877959467,0.4575549426479637
39,2,-0.10189888065809377,0.9413659683106567,0.6371308785080844,-0.4364311201885627,0.3249506502405563,0.40233241405581,1.049854279109209,-0.6110806734572742,-1.1059964042694868,-0.07428652249793044,0.6436689219237002,0.9027356934028355,0.626281035294794,0.9718448499248582,0.14472628750338629,-1.2621215756000723,0.02470577516013628,0.6924390474404092,-1.6055558211017065,-2.26676088808098
40,2,-0.24474244979222218,0.23633292345446932,0.8318183469183591,0.8710292513731945,-0.7106826668766109,0.6956531270048392,1.899551793294104,-0.7926471433643314,0.18420175846424391,0.3696468802915063,2.051475466255783,2.1808185899256154,0.6234392344887081,1.0755233656209997,0.2647332251789574,-0.3654094332249976,0.9625872315863894,0.4676981806193308,-1.3231124401586676,-1.7167167631024098
41,1,0.33819867905588635,1.6633046007297847,0.1676361719339579,-0.2542939319793933,0.6718248668492144,-1.946733070358182,2.032294134256268,-0.4505217059917858,-1.5089386380934078,-1.5169645120729833,0.4057052101313726,-0.11279082714277539,-0.4942226556636735,1.2254757371219216,-0.37006954330726005,1.2401786435456439,-1.4300314751003758,-0.007022264122820698,0.6556607995067962,-1.1001403420626765
42,2,-0.43203419994258346,0.48429226934351466,1.4824166997302455,0.5276641029659722,0.012443749678468508,0.818949893044473,1.7193134910110104,-0.4075291375392947,0.27666632449707695,-1.2599898050394165,1.2605223339694964,1.6708933876747336,-0.0526068739118023,1.5724625377738461,0.21012800404876647,-0.3808110827664412,0.24811711483503207,-0.878669139742071,-1.7058163848603398,-0.6992116433699126
43,3,-0.2772023252059542,-0.7524382733033211,1.131622900355894,-0.4512597365915929,1.9208658243955492,0.663028199495019,-0.3365721728759238,0.3268396537772834,0.47246726369691466,0.09574051323939875,2.0346689231141566,-0.14158136660509565,-0.01366462825821313,-0.018332952116654255,0.09422425894953568,-0.1670846877644072,-0.06323367005851832,1.3146404566179413,0.5637054501106534,-0.46685509868336605
44,0,-0.4255853096206305,-0.8585552693531872,1.8056617539995743,3.1879334053748165,-2.420303256710557,-0.15393938154596598,0.3228423874886037,-0.4372407097406829,0.329274403876633,-0.8035107406296127,0.9677145553526034,0.4511254051676129,-0.4395741647671857,-1.167321092528774,0.8117153053149657,0.40992815376996966,-1.9340269395805998,-0.3128667149787785,0.16557314803970657,-0.49458669382222337
45,0,1.568065482139737,-0.6443387819822128,1.5293820048817293,1.9341327138422628,-1.0469557355302255,-0.8109001651722192,0.6065180408271916,0.09948586633361989,-0.8946712971419237,-0.29246540208591143,-0.20525320203841468,0.1421123713289043,1.7217656173183649,0.7397551996442495,1.4790380304386743,0.41394871888870655,-2.3789548928770805,-0.5120209740135756,-0.3887476165003361,-0.5756868751713342
46,1,-0.7248710219864688,1.4874950294030833,0.469996182400555,-1.4591431335108522,0.18008729434261658,-1.1062231980411763,0.6623261978375956,1.367147082827894,-0.26361916539156427,-0.8760464325458116,-0.45541942741408326,-0.8698953636523841,-0.485600990791766,0.9462591702930816,0.23953495900899435,0.8363281342745059,-0.6521143721612028,-0.2855213227454804,0.1925353342422669,0.5151851731892774
47,2,-2.02956441771405,-0.7866702153331206,0.5439314911034038,0.9175276041752882,0.7912023700179686,0.12342427270342654,2.956882555463871,0.41774130613756927,-0.3649964640542849,-0.04364667025840463,0.8340956333211987,0.6797858712945847,1.2694800509928588,0.8818377332628674,-0.347653194844848,0.7160110650870924,-1.1027218215749155,-1.3254516610092706,-2.225342664437418,-1.4238957320585253
48,1,-0.6226426452576401,3.0931804806287464,1.9089029004497629,-1.1886919970309577,0.07788415183705971,-1.8782457985796341,-0.648054029272941,-0.14343006011307213,-0.9831439501404812,-0.7488099697335492,-0.0576233405607518,-0.7641090487170084,-0.15624057498441904,1.7879089894615459,-0.5318535486996316,-0.08811283273414916,-0.9991211875073553,-0.9750543872672551,0.6690393967908508,0.5777113900647236
49,2,0.06204448221657205,-0.4649238684437645,1.757732298034191,1.1714526811533255,0.20740931847618613,1.0309184527174384,3.688682389021011,1.161972664241806,-1.4946426337295353,-1.5549992171735982,1.8039144519625765,0.2823474520507818,-0.3468063268404882,0.4043919306406877,-0.012543704668768973,-0.5442691579534442,0.3375249849326801,-0.7306742942612221,-1.845555974868089,-1.8368949169306348
50,1,-0.32523127693392295,0.9784758652191938,-0.10333384284423835,-2.9806591308186,-0.7336566373957942,-2.407377544813315,-0.9213767210540135,-1.0062130904247353,0.8751021799600441,-0.716478478567425,2.2549923485309695,0.17425657945189812,0.3509048093454437,0.7742237149907357,-0.44667035233910657,1.5512497418509574,-2.144187605402759,0.11274726650715827,0.615703271964872,0.14658023445521184
51,2,-0.3591233886259378,-0.09052565545677771,-0.10171147881298293,0.38671233742495725,0.8691622405067767,0.9253735747401235,3.383151696968452,0.615169649373819,-1.3132758752767728,0.5330962393825405,0.1911982189309238,1.9648705426844337,0.7656158806337261,0.4636277324343511,-1.794882560068384,-0.5996034008376457,-0.3895307069873335,0.582535063792603,-0.06225219762652334,-1.7708160054408328
52,1,0.6856264606535132,1.096410597493303,1.859227775796855,-1.245078445845575,1.1682198500620902,-0.8809518704627733,1.5150727091026592,-0.4076520368502103,-0.22450943358652672,-0.7733286478430892,0.5536956467974005,0.3751357455966,0.24505695323600768,1.9697850671588493,0.36374140744087247,2.1277541955805237,-1.982825523495113,-0.03644317523843227,-0.3361274863015646,0.6049065842509225
53,3,-0.2883707601384128,0.11473838052257357,-2.560973543527569,-0.9606892880675308,1.3799250953792614,0.5915290267990895,-0.46515266708008574,-0.8289555595881192,0.09809884046043527,1.8214961250500865,1.53078847378488,0.359360784888932,-1.2706954140855615,0.18150246255824892,-1.560932575289449,0.8965976908046966,0.24913384044894893,-1.101955770659778,0.09645688012188391,-1.235318245506976
54,3,-2.1508819655131655,-0.34874012627687684,-0.22139715974429375,0.4497107173951711,-1.241312636784191,-0.25398063249671676,0.32081183999346297,-1.9902341015161382,-0.16133292061408716,-0.7253120260447943,1.515085019216059,-0.3164956129400869,-0.5962890694131221,0.9495290793890385,1.6114064078545813,0.5281317991274721,-0.12641715063844516,-1.0295046922252344,1.577921244602332,-0.9177536181773301
55,3,0.6600255606851335,-0.6058094181646948,-2.0955992670342196,0.5515453523609735,1.3368772935870348,-0.9592367444675313,-1.5253225183428656,0.9333962063319358,0.33276215649855745,0.5482658624304161,2.3590246240468393,0.5984377715796444,-0.3931418776550678,2.665757165828425,-0.028617910401827318,0.05217914317297212,-0.08501552773882803,0.5097325145878302,0.20421808041037015,-1.1352641553641165
56,0,0.21740095850536373,-1.2422892632947606,1.2002694933380518,-0.0929410981941381,-1.6689334255200985,0.2281843393230838,0.500782532925134,-0.6172122753703538,-0.4224853818468824,-1.1813159062496674,0.6762278324246037,0.4755467092223307,1.4119627159315482,-1.3189882130782953,0.9787194390196914,0.32753900572449146,-1.1555975912993686,-1.2212615445179924,0.5925321991867534,0.3576301198941565
57,0,-0.9794999179516228,-1.059422013257148,1.0420787870330672,1.3854249354497346,-1.8092260950947519,-1.0691943733844143,1.3067295169697617,0.6645845355849617,-2.3104451205304835,-1.1069947714437256,0.7476771528276676,-0.6238869227526286,0.7542600096577446,1.0665852874172967,-0.5801348889824881,0.9004089767904382,-2.1898146016928166,-0.8572008353010429,0.7115422530432327,-1.072924104332802
58,3,0.3681744993903241,-0.9861563510827374,-0.3640440076913237,-0.4772627553335471,1.689278764605568,0.2839664479080508,-0.828765319327442,-0.1611631689056678,-0.34783531305573956,0.7744250860317399,1.0761542580315682,0.7449940618971143,-0.9264880375900685,0.9077205929155089,-0.19265325906946545,2.474270827195407,-1.6815969794809331,1.1672895499271019,1.7199163545441132,-0.9910735844927134
59,1,0.0884484471819174,0.9534602803930917,0.2999822806203591,-0.5468679858276244,1.4896998041096159,-0.8138312265398632,0.14929540279744025,0.6096157389217309,0.5520582335705733,-0.15720192164571245,1.8189404638940165,-0.37127198619504864,-1.0183335849311475,0.800386566721772,-2.17420171445953,1.1578372438282407,-1.7496287981970797,-0.6868751936095419,-2.20174199437105,-0.41163164439605704
60,3,-1.2264958016350802,0.310807908924857,-0.9397033437349807,0.8826251050115292,2.60387800470879,1.756306348776718,-0.9107622043183405,-0.2424148248295676,-0.1437502000748972,0.6266071955102415,0.787249470547493,-0.09259976722809507,0.2542927145656225,0.4057928306314945,1.9820970105004208,0.7630794050695067,1.0010020690432477,0.4443952292452157,1.3959588525668951,-0.8890353809344179
61,2,-1.4574424902300651,-1.4403402435196915,-0.6093999361956443,-1.0486536259874264,0.5003208991536584,1.330856140374303,2.1309149713306144,-2.2147468222548974,-0.6648510973391764,-0.9440119255539634,2.2927784227558474,-0.03673803761475347,0.3986844977134984,2.1580293796355767,0.011257600828800896,-0.011701333851427409,0.9496434308762565,0.07265050604419679,-0.653598699115093,-1.7808762691176938
62,1,0.04788247730069865,0.6292090848355905,-0.3898517192373499,-1.1421842561741538,-0.5144401242148304,-0.7006446295544004,-0.041618094014618356,0.5196557074065883,-1.1300456178883167,-1.1339654768687464,0.722858612101887,0.905587901031069,-0.010910294733410209,1.3255542691988804,-0.46685556283746454,-0.7174755232722698,-1.7173766433285307,1.2631263122580354,0.26863027022714364,0.6405528666947465
63,2,-1.7741890075959288,-0.18390051761931234,-0.039592063964659086,1.41506427414001,0.16059309968780927,-1.1168035855626117,1.1272364673952635,-2.6061558320890756,-0.6995431588978673,-0.9644800300593844,0.2764092547499774,1.9920755239446826,1.67004244900621,0.6570364965150363,-2.0564800062299224,0.031473471729239644,1.3022640640640142,0.056208931243941135,-0.49050252389142923,-2.0651496911723126
64,2,-1.7782059776937886,-1.0963453003042702,1.7454041029336178,0.1567242059633984,1.0846706957022267,0.6203853139832796,2.057681076070323,0.6846652435615361,-0.7015697887930576,-2.238363214298654,-0.026612650985868513,1.569925675682247,1.0276338648828616,-0.4602993649884254,-0.9281990877749984,-0.9277288720263644,0.5656002059657739,-1.292035195762856,-1.7783832098335046,-1.7161756022111025
65,3,-0.0020080080235843484,-1.493416562926988,-1.7419468814251924,-0.10158417931587249,0.2354036400262769,-0.38762477152862196,-0.5358620600383945,0.8159338620936865,-1.1529928314978655,0.23879156570183963,0.6954801417351214,0.4968024972041246,-0.9298033004844818,-0.6657186798915407,-0.8674857030151673,0.7140242145357464,0.3957720894598733,-1.612810205757688,0.9021716578086008,0.6423510645098762
66,2,-0.5238207815846087,-1.648864365134751,-1.3431654611817505,1.1196567053442985,-0.3752633305835651,0.06639872700513827,1.0324937982543065,-1.5343907788517164,-0.6513128891472304,-1.397434483556395,0.9183562209712545,1.4910030279045652,0.9679062968525407,0.9842278679426801,0.9134894916970715,-1.3164268079004762,0.8140279882948196,0.7148475315340562,-0.26405447586749276,-2.270698133479139
67,1,0.22224112274503427,0.9530934522203075,0.16046860168584925,-0.6287172124109789,0.16685148409491213,-0.9929454976645542,0.9413292661993025,-0.5923831337810522,0.24084113555989015,1.6504661743283946,-0.19904797278682995,0.10468053728318175,-0.8832943221218081,1.9568633732497958,-0.8285851370309545,1.5777621738254517,-0.742464510408781,-0.18094813577122978,1.068394895836348,-1.2892159836716637
68,2,-1.4042284180363245,-1.0167494557724983,0.649059820869168,0.35181375289410793,0.63918748200398,1.2984331317518558,0.7294713486281819,0.3726402409892317,-0.5056172011051957,-0.9767982171475159,-0.5609127649324167,1.5314112274223837,-1.220059701031975,1.3120624441908952,-1.5424097406268311,-0.41958546257058793,0.7626408113948175,0.7443261929534921,-1.418610458549034,-1.688598062920013
69,3,-0.30310459362648584,-2.0938981494308857,-0.5137018550100068,-0.7572597783316715,1.344691343871807,0.6460515422982076,1.2440517323704436,-0.6479471199127249,0.034556136308221866,1.657318757467463,1.8245404901813214,-0.33337409248923755,-0.7402783433028531,0.49876022918583385,0.367990429985891,0.13154100527990442,-0.4987089684971219,-1.1199022091446569,0.7336891554618024,0.05066999901722724
70,0,0.5963371101486732,-1.620796184401277,0.5259708383360061,-0.25997080583425736,-2.77136329087616,-1.7324285839480296,1.1105770529914063,-0.8278453050535628,0.4953697699587182,-1.2836968898628438,1.0777560235443284,0.6646755337139065,1.3773588431460897,-0.36027000108595486,-0.9689032013119686,-0.4742709992523657,-1.8826578150098725,-1.3189191928997435,-0.14220304174915444,-1.0114923801298041
71,1,0.1791662762336514,-0.7330558929313966,0.6569702356824676,0.6630335069360961,0.006000145387624556,-0.7510363153845913,1.698387655807592,-0.18108871100785015,-0.6496305143704472,-2.501518667381343,1.7353339141900088,-0.24506420985191996,-1.0852893323372133,1.5962186794565507,-1.3327754011381883,0.5455374496990604,-1.1978368467288383,-1.4055909590448505,1.0006052939640124,-0.5319265991354448
72,0,0.3828002737507835,-1.7924082786414688,0.32703335044654264,0.999184968059771,-1.9210166027821576,-1.3748762505630885,0.1031743918999379,-0.4877426801076735,-1.1703841460162991,-1.2662525213022464,1.611097218052306,-0.31687550261194575,0.527269153840472,-0.5882240735277837,0.3781997422084732,0.32038168098508585,-0.27524088787593115,0.0855953069949017,-1.5198151869145646,-0.10189543895238307
73,3,-0.5073453934389829,-0.12587182390416374,-1.4440892649019559,0.1554355457516105,0.2181574563649552,0.09064326962116381,0.21384353714955606,0.7351983579549622,1.484640972350385,2.0328039598484167,0.04685515240231797,0.27993085063651335,-1.8604125393163577,-0.12492399814484972,-0.36164027213397026,-0.1552385452428513,-1.268762464655265,0.04311218826051033,-0.347784340741789,0.36435502758986793
74,1,-0.9702422500116122,2.4921146134701444,1.3631098868943785,-0.6217597662943481,-0.7086912549411537,-0.7903490986493027,-0.01869453550653144,1.1199582997924358,0.4624934219372777,-0.6045783136137525,-0.7265591919238277,-0.9412622649960267,0.27506665405321423,2.465248264612921,0.021504733500462114,-0.3053320472016836,-1.4416279261654814,0.47752714320056877,-1.1639153873607906,0.579898719060689
75,1,-0.19452779049776692,0.8653968627640136,0.34905141861384226,-1.310069603223294,0.014341061489324958,-0.9906476267065812,1.2324139852830416,-0.29346732127158665,-0.512581506239662,-0.6070463138003749,-0.31419140204211504,0.2270986197123643,-0.27559272892505077,1.5266961325124453,-0.09724366961767195,-0.5939740694471178,-3.2619368675029756,-0.11584195372695921,0.15705958100219297,0.722363885912824
76,3,0.27323837750634655,-1.0488192436861945,-2.510632725782762,1.2659817542544036,1.7206371041775166,1.0588009978923791,-1.3692236491826995,0.7711968380009261,0.8051095755098846,1.4657415949682815,0.1705408385658237,0.04243188113937149,-0.32163464508684714,0.5430888012042903,-0.7514363455704547,1.0221783820891306,0.03567666071559911,0.22891000814151582,0.8012583357112921,-0.5163112610688225
77,3,-0.10515904683285457,-0.1369932548018139,-2.022379751766869,-0.3976446119876502,-0.886928634984332,0.5693104485078117,-1.5601543610539295,-0.07547876494761363,0.6457883610540947,-0.29454557989726426,1.0564543961428816,-0.01587477742669538,-0.3817608339244618,0.877263197932171,-0.4111212208691228,0.5555639513474061,0.40774207183986133,0.47324118727999187,-0.49197925223356853,0.21514790921686777
78,2,-0.7249503577327565,-0.16367765397631448,1.2298566787689098,-0.08400117045639344,-0.0802215803965673,-0.5246713815716846,1.2900694039695235,-1.8691312655378176,0.07162030214088633,0.6333589054183391,1.75624257735174,-0.17189529818032168,1.2911103170378149,1.9310323151387703,-0.7141730568393688,-0.3811938481445276,-0.7483385593865826,0.022084609499698343,-2.1265341068856958,-0.973579199674269
79,3,-1.8387658916948602,-1.0532873042226698,-1.2897563631165236,-0.5902227420537427,1.1056691762531796,0.18317796281347565,-1.5260984742048804,-0.21149660144563792,0.9737294402844208,0.7010381517331907,0.767407928749398,0.7188795635465643,-1.8481818511110024,0.5230568246353885,0.2602836004597417,0.31461614726878673,-0.07888597757059995,-0.46580707263884685,1.033446960188231,0.13214047750479518
80,0,-0.1881221406904689,-0.21970567883429148,0.4966218156045047,-0.2323840695844197,-2.826024838027173,-0.48065490980582226,-1.4093632212716254,0.5869502884260317,-0.06088283673812027,-1.8069601919275269,0.41290591702067564,-0.035987537452364715,1.3718937237587179,0.6535213172991621,-1.0862095084108532,0.3084145310230731,-2.147704349731088,0.715136758410195,-1.5504519487939323,0.6445054355046693
81,0,-0.33657799286032913,-2.0596788278529004,0.8263126835907578,-0.04176772416226082,-3.6953281556443875,-1.6059206835408566,-1.3144445539670209,-0.9179712867975985,-0.7440834683869735,-1.5500167851942315,2.4801684561349515,0.8229211891646049,0.8752103702681606,-1.3535395675849444,-0.23405110821955344,0.80353032979175,-2.2767789501860713,0.40677905845708706,-1.4325299230136197,-0.8679707569354824
82,1,-0.15068420409553385,0.9383371335456444,-0.12000086366099522,-0.4712173680855481,0.5594614839524391,-1.0297737570315328,0.534083634537706,0.5873093134297448,-0.37352975859660564,-0.9262873746646911,1.306293362584531,1.2027398643078786,-1.3474272176436468,2.1108268256786795,-2.3803680446837276,1.14209688117438,-0.42280350952882007,0.056049789588070886,0.29925312793683984,0.13786275631681766
83,3,-0.345847950034771,-0.6814515484613763,-1.4382548705157518,0.005567331276953746,-0.34494057887029717,0.8557342891763119,-0.22925109771504598,0.41748967845593377,0.8888222033236609,0.28898270639359497,1.1850375278407952,0.4666654892847325,-0.9926843015361776,0.0725032815500462,1.913747828704094,0.3289245701849614,-0.9599548152328834,0.5057475498367998,0.8270739262033409,-1.4331797778085005
84,0,1.2557443712375307,-0.5394436489635723,-0.26118239775187413,2.362310988597393,-1.4239972939608823,-1.310336399362355,1.4000154476647089,-0.18880436527986974,-0.03926761758751438,-1.3812840203911714,1.3448783263084914,1.1590743092881324,0.6906576749836639,-0.5644100136051909,0.39306328202284324,0.57544919722883,-2.5239352748430273,-1.4971210974166498,-0.01824995124497991,-2.7203885002846935
85,1,-0.3287438697618846,1.6548285783695498,0.1499782692618123,-0.7682939400943235,0.9582200088185399,-1.328927173888663,1.6756942089059956,-0.8448842126714394,0.05081191050144271,0.05718223382634091,1.7505713321062983,1.3786264193195261,-0.8858937050752123,0.3916219101555256,-1.6612992024893387,1.4966324078302304,-1.2845314242003019,-0.2530797022678422,-0.7356125741806985,1.1997161660225268
86,2,-0.1351669049058668,0.11435295803796491,0.13802137043690121,-1.0827265925053748,-0.0694428788281895,-0.4434951898711168,0.9840439397384486,0.9714729372119038,-0.29395271465091893,-0.5100226637566907,0.368761530418496,0.9906754267661425,1.4828671255843218,0.7674775402437529,0.07583007817134862,-0.6191552309405799,0.584253568671516,-1.3168356573631046,-2.8578855732316244,-1.3425367348566022
87,1,0.03845080553350974,1.1702432573604344,-1.2572970625954578,-1.591392190466839,0.6945618990708737,-0.6492356173124038,-0.04448963181253596,0.07683252941353508,0.6330634167431172,-0.05927117721122277,1.1463127090628826,-0.5289105327282361,-0.7786178386942872,1.8691971375621215,-0.7097479371789328,1.4718015594732412,-1.5773707211188832,0.32012613029217873,0.23842709147116573,1.2139733042646275
88,1,0.2713576821310254,-0.24434750942886452,-0.10354625552292324,-0.24179302898737542,0.14500931917618443,-1.3685317362843006,1.999155789557646,-0.8877556280933013,-0.8233850497491276,-0.5118203643653273,1.534905284317136,0.2425449454037831,0.4538481844284738,1.6538042077796093,-0.4743239645425159,0.7609109471394142,-1.6327111290264333,-0.2488576859428673,0.3348315737602345,1.204254177425487
89,0,0.2823028518378362,-0.8854388423899369,2.515671441518779,0.5215464935582255,-1.6132039733535488,-0.4474098530668795,0.20624193444679167,1.5540335029941499,-0.3192325908894702,-0.5937725497175423,0.240353378948443,0.4965721473143138,0.8780606913892213,0.7446223193350753,0.5443952659088436,1.6385801053063291,-1.5331280683298039,-0.5854060402285056,1.692815431530714,-0.3234877286897173
90,1,0.8152861822466464,0.8357393726534394,0.569399322777234,-0.9100994024338532,0.9539447104352465,-1.636277875136215,0.01799247239286006,0.12951193475902253,0.2959050642146571,-0.41490369392582876,0.5749783553961682,0.38745839160431295,-0.8702309929031911,1.0777103954052891,-1.6209939354708451,2.0092050335131058,-1.1761325387939254,0.14910967055732383,1.1605222020189658,2.8363417299502567
91,2,-1.1089835200692615,-1.2142001485711997,0.29258673430905624,-0.6078389078674455,0.6807665056259189,0.47217966015077445,2.5264705326813854,-0.00023225507401353207,-0.029837246330196132,-1.1124998777069837,2.3128941446824296,1.3165171859065699,-0.7787612223069811,-0.008553361413048743,-1.7411274634706901,-0.4484840893435213,0.7605317020144869,-0.5660448832011812,0.33305456658248955,-0.6941009147419519
92,3,-0.08450305837731127,-0.7017507652407473,-2.309530469382805,0.5063471695450739,0.7545118375022462,0.3710349356882918,-1.3162220371660354,-0.19946682247019226,-0.024801545717508602,0.29132861561705115,1.3552620439886442,1.0882805127353794,-1.154930464823411,0.1322357871614777,0.49255027489801023,1.1791612871964516,-0.7746129929436427,0.790854472649652,1.4092586668921152,0.7240026328067002
93,0,0.3788606365776344,-1.6546686338788255,0.8192459804045572,0.30532988303213116,-2.8307618653293094,-1.1147408185607999,0.24857762461248215,0.14718298471316416,1.7318898556298115,-0.6312123026049026,1.2674633885141322,-0.084257127664912,-0.35061238935720473,1.3338426269075585,-0.44966442525665884,-0.2038670313363733,-1.4884349568289088,-0.391825147059212,-1.1923778594474288,-0.882856423213822
94,0,-0.19169781676449793,-2.30571771914203,0.1547525106556067,0.8968011669117968,-1.0184975167467811,-2.1314450867580437,0.060224497958106624,0.22387313557233623,-1.9218150296018255,-0.026014993222460148,-0.06656248290232136,1.043388330194496,0.8762600827604902,0.9352481826599675,0.7298589034048164,-1.2705441675454445,-2.0849792175804596,-0.20910711287467726,-0.6263565631886251,-0.25678926443792555
95,1,-1.4110389113351682,0.762856207884179,0.8006038607632098,-1.7316502649236205,0.87377056817976,-0.2321679630151553,0.9799438823439466,-2.50094980403617,-1.2073330537147033,0.8280217824409242,0.7853111042513279,-1.741844060571999,0.7130556594215343,1.5056257844693341,0.01812127547293718,1.189845294766973,-1.3160224626460697,-0.04447763181416159,0.7207437146418056,2.408166690204157
96,2,0.48485679231946704,0.6100270947406873,0.19102519910606908,1.2973996205145806,1.1549265312369525,2.488834952583667,1.5416462118716519,-0.8123354775049558,-0.7571379678395005,-1.205950448278898,-0.09603717723538685,-1.0811681118181031,0.3634670008143477,1.0888336829598488,-0.7433025486531661,1.0859531541587208,0.8686765314298439,0.8415189192656936,-1.0665499931539473,-0.47216136608887427
97,0,0.0740887132525763,-0.7159982511007541,2.537960192764603,0.7242471627148602,-1.6154632743712378,-0.2959563461667638,1.0400430279227095,-0.30686945816809,-1.9235121198701783,-0.43968167265480707,-0.8961814320356137,1.9537417201819332,0.8144926600265033,0.8673182853864827,-0.4325695118548568,-0.6107177528015031,-1.2485523125427327,-0.3465539683222149,-0.8636053152185281,-0.5711488236571309
98,1,1.2496004126429705,0.975183868647437,-1.1762997038881895,-1.010161369288046,1.0181393520797002,-1.7347229169210578,0.7373575409158082,-0.6033417053881034,1.0167610379292438,-0.08136393207869042,1.7437738351891974,0.34275156842797494,-0.3049416532683853,1.6529863372563987,-1.8139787801190974,-0.7808752284089733,-1.5628048673397854,-0.07569282496805935,1.1301647198453078,1.8432909842251721
99,3,0.2703199790502286,1.1853672652312142,0.35959814727989325,1.5461105174234053,0.4330238067640098,-0.16340543661890472,-0.03438340058210265,-0.6483676883207683,-0.07406327164351391,0.12686623752747483,2.1457584492464363,-0.060162293593059774,-2.8708519968597037,0.9007164621837387,-0.41679174641257594,0.7245901736179656,-0.4966164070102332,-0.0604235055775004,1.2578628593950998,-1.5356384424024043
100,0,0.8395613543598199,-0.14150840188726432,0.7144550296920522,-0.6281117623844124,-1.3862593912947836,-2.6300898119980687,0.3748798246458179,-1.0262136521373102,-0.9446725861178611,-1.2065719412373324,0.7327599297210207,0.2624253351197897,1.1498761856440154,-0.28927643327817554,1.0732720960274418,0.856226758353324,-2.0152015851327127,-1.01242312342313,-1.7883696935307465,-0.406291305949884
101,3,-0.8347746810588368,0.4203855967740002,-2.1867041052058873,-0.502487851962542,1.6312298856880023,1.6285647942763655,-1.2614960582692074,-0.27350733518040893,0.6096741263833785,-1.6429912408272354,-0.6175261696562552,-0.0009911719058872392,0.32046016690168966,0.14857667352037235,0.22317516945868893,1.5975167721189778,1.2582551402859827,-0.3029390874419358,0.6121210149805959,1.1482976373540357
102,0,0.11062184183421192,-1.806393386801479,-0.03603034632016289,1.1616962077942175,-1.1546037261236908,-1.4059684694131207,0.18393093015385847,0.14069666068925557,-0.7940961759146568,-0.26128992084324165,1.5348724525106263,2.860692974429276,0.37803021062422903,-0.2988863718456106,0.9042920959489806,1.286571560968251,-1.8852255425570361,-0.6422013579013405,-0.03746798371836313,-1.300945240831071
103,3,-1.5878550272794127,-2.373434450977097,-1.8320116690561463,-0.3999413867352488,0.6195655643075151,-0.4079498545728891,-1.2277136751456577,-0.38710738491892005,-0.2357204795376665,1.2766920619475108,1.4009868494926032,0.23649908099548536,-1.2882733104662818,0.15057461875534706,0.40462291203212486,1.1578206127496005,-1.1533466512170145,0.18772429556809941,-0.9997052609630849,-0.13997551238376077
104,0,0.21325934535063323,-0.9543000822329182,1.428818190577417,2.0427537054110094,-1.9528353842571624,-0.6499266491250115,-0.4335731538461406,0.2965217698374042,-0.626394376565881,0.019484021296925724,2.6479106767774203,0.6801248250518349,-1.075121229574032,-0.37087927710696694,1.274619506121427,1.0737496554587362,-1.2580249409156428,0.48726346840657,-0.08280990289405787,0.33530230171756714
105,0,0.059015421285803005,-1.5211527554877002,2.115865308141636,1.1135284574493642,-1.3071307359639333,-1.203187495333206,-0.341372117568686,-0.30745627827766114,1.1319940567098825,-0.4088518681500408,-0.48978055292153877,0.6055963701680245,2.1047485972356648,-0.1034584199910734,-1.1512635546973606,2.1457273341765752,-0.9112418120054323,-0.37568150340754164,-0.7675068431584504,0.22700369559004652
106,0,0.42112892402290764,-1.179958535611838,1.5869632919738699,0.24829045070974654,-3.248575290118004,-0.8106274085483384,0.6328310656210037,0.06795032966583114,0.3093815381901423,-1.1094762302436183,1.509384138371249,0.7413454340253156,0.2892227144197524,-0.18193398031542846,1.90563115771065,-0.756692639797806,-1.0573253364190274,-1.6629595584562753,-0.5569593249511741,-0.9857798363666921
107,0,0.976371552373833,0.1080208361506525,1.942550669643715,1.2277298689123908,-1.914188677792144,-0.23965421014568045,1.473747271439364,0.5906123699569178,-0.7700312392881297,-0.6919680450016426,1.2310108902959715,-0.6699016397048351,1.054402090768514,1.8859725302724026,0.8010683313306173,1.8100186909919456,-1.3108240357527023,-0.3782458755443585,-0.16535554222801507,-1.291539166630888
108,2,-1.2212128746329876,0.42226549315486206,0.462741205068532,0.6372909239564228,0.7809075231440392,1.2263013775073375,2.2078221623610124,0.7217145798569331,-0.26471245726359754,-0.3144253102722516,-0.05063065065430161,2.855899501284759,1.0870865183568281,1.3637451754760046,-1.635273721217671,-1.120513411127848,1.8482828315921382,0.03820856975246889,-2.806710111201063,-0.3026552708164254
109,1,0.22979604637764,2.0704048698413517,-0.2504850344316843,-1.6535699091503901,0.21155204776401296,-0.29714436113202114,-0.18625150078352004,-1.3843535908975302,0.4741143780897733,-1.1633121944575444,0.9087605283378037,-1.639977803620935,-0.8183257027082695,1.4888874739294753,-0.1215288295949295,0.3512942216037698,-0.3569688754298075,-0.8825298493296154,-0.3837203761631342,1.8161083728775198
110,0,1.387175941788079,0.13297814946004993,0.09701665239025248,0.9066176683279273,-1.8789097265197778,-2.091171595275596,0.08329236104728993,-0.3119843039822218,0.8953664256450997,0.11289609507538068,0.6160304561756221,0.606629420340299,1.2103474047164033,-0.4005716896527177,0.7600315200799064,0.5609630359431685,-2.232674682046563,-1.0851405866610186,0.6872743025320862,-0.7640150315579808
111,1,0.2805609223254689,0.3668122412194391,0.32355727194540074,-0.49944020163801084,-0.4378963249369108,-1.51894982454571,0.6005440344284472,-1.1929782583672754,-0.5229111497842577,-0.5858923124816199,0.9029021854032875,-0.3716306764141818,-0.29106358795195203,0.9703465412885447,-0.3129810629997415,2.1170608544329017,-2.0543740853721637,0.05327355519639082,-0.02894065924271197,0.878612207390082
112,3,0.8723435369923325,-1.0174334129610103,-0.027973370796973596,0.09850035490314435,-0.44517715641437683,0.6560894833713071,-2.0706910838857455,0.04034451275184636,1.1461596192571306,-1.3091217278680118,-0.1521686587829284,-0.6020302473545799,-0.9701081737703793,0.20458731553679665,1.2617348414274352,1.4539640173411263,-0.031034289481655875,0.2750439425518221,0.9401742155551986,-0.9989324239709384
113,0,0.4734087614249011,-1.1809545534100763,1.070699122454196,-1.3486499796893245,-1.7092286138654673,-1.3928627051341638,0.08733791272169256,0.24898341797467982,-0.07661629475607104,-1.7652094128945066,0.7662758382025261,0.8318363226936079,0.7708606923367051,0.19711456331694593,1.1206146346248267,-0.23753941658877764,-1.3165954549237866,0.7122725425372914,-1.8580618518425518,-0.4951605036192991
114,2,1.0446766693784162,-1.3636778394300006,-0.4033788164297133,-0.6761035917667253,1.7946672408984692,0.06094923859085316,2.121136352592322,-0.7286413692696074,-1.2677810317940106,-1.001893245539426,2.5825743071647436,2.2426290295002955,0.028876325559037075,1.311406517649274,-1.0139432903815389,-1.8834459037415439,1.6735846153888576,0.7367699524332257,-0.4388445224996024,-1.509179413379139
115,0,0.6179139096329171,-1.3548940832781309,-0.5448062602880746,1.0316648717048236,-1.0878274772649457,-2.260250138089644,0.638847908508067,-0.051009236236628064,0.5833174530815781,-0.15546352779837425,0.32382578132254614,-0.5157755847030087,0.2520979425255914,0.7788809235104974,-0.1444837241307927,0.0760535667524268,-2.9142360933953775,1.0824468272834498,0.19019825884745245,-0.02296106322353031
116,1,-0.2760207941124838,3.235033810500033,0.9122389672915996,-1.230332815964386,0.7411482034155228,-1.767577735114053,2.082055676178654,-0.578781187631965,0.21600598255271206,0.1718525593905662,1.5303561740380245,-0.07895348861309158,-0.2665005833418716,1.4497884337247102,-1.327189906835245,0.6086916107757174,-0.49919747269505677,-0.4217143361339002,-0.46588395040121294,0.1731842538700713
117,0,0.752980422340237,-1.2460010653683287,1.2091411719448133,0.42571581643069545,-2.158726413730456,-0.5263359169489217,0.8272625463025369,-1.101770469104225,-0.7012223198311495,-0.7660822053228523,2.2603038745984367,-0.754660196146247,0.9015799147282983,-1.0332555957696272,-0.21834539613045234,0.3397454913871472,-1.7935624946051791,-0.7467079680846681,-0.4646070059916994,-1.0670823015478046
118,1,-1.1665568994500495,1.3663757290353535,1.0082924268975844,-1.6842541176349064,0.37608938262820213,-1.0518959170772915,2.3521708281618836,1.4896709186238055,-1.5163474782094213,1.3142120601784502,0.4903607617513711,0.6300091533931386,0.5012561334643011,0.6983891297609505,-0.471216880621964,0.8822513591786296,-1.2394057679098922,-0.15034718808127429,1.119824653401203,0.646541965876128
119,2,-0.9599971599699846,-1.188343775607009,0.07813147095118744,-0.1312130441803926,1.0416920265183198,1.2116082432431243,2.017543369244541,0.7383201986748662,0.5825327859405666,-0.6190535951274463,-0.04153399465893648,2.389273612269324,0.6624126989701284,0.8942793923447049,-0.6204090927336925,-1.1741840537023251,-0.3169356629950797,0.3149903339642156,-1.9024071664552182,1.3143377691939782
120,2,0.7951229610107291,-0.30046182493365226,0.9901031217031682,-1.1093938696028893,-0.12927662495742498,-0.42807158030217085,0.6256109209121563,-0.31283082916550603,-2.3065048263598844,-1.8715295011178368,0.1862243873647612,0.4639436239600305,1.028353381558509,1.0378113887219091,0.3663139244999279,0.13955519350557533,1.7706261127462586,-0.19283904488885822,-1.032912802684586,-0.7240762524681276
121,0,0.22950494048630693,-1.5705231067499075,0.22065534034678314,-0.027754265835017056,-1.1679621156640767,-1.239285371236888,-0.5623996124913307,0.3305956073380324,-0.4651602053397872,-1.9782444291833663,1.696375806238135,0.3481143437760578,0.35179429090486325,0.10052308576823345,1.2031907769220762,0.6473180585315897,-2.4164495207718506,0.11543038693244284,-0.8583644337021747,0.8714613289802311
122,3,1.1467887731814366,0.6246069540427244,-1.6402893639964105,1.3803147046061242,0.16565853941407294,0.7225857878387346,-1.6838716502804805,-0.2834032888394533,-0.4243115487501641,0.937532820843106,1.5120040752839143,0.4450513322393389,-1.9997894204459197,0.24784919689398804,-0.4544674502836156,1.3862259594233612,0.5152952359172134,1.0036481599014206,0.021414858433720263,-2.5009730375518218
123,1,-0.16869177528996307,1.0215602367175327,0.6492395809620184,0.4207453621724483,0.7067247234722802,-0.3780593743976858,1.8138663885634096,-0.985666711805788,0.41902715043397387,-0.9165845481332304,-0.7903348179441827,-1.8570651156574518,-1.0896363404416323,1.919919894108461,-0.774791463421006,1.115771720332012,-0.12211498546645094,-1.3501567218736248,0.1408063817580267,0.8297707496103306
124,1,-0.47926094446313106,2.752361338790835,0.44152988311808156,-0.03684961056389169,0.32610848888957533,-0.9834776666374228,0.41122683472966626,0.0453732325067692,0.06953659198597742,-1.3083363515360853,1.1225058059861228,-0.6426085749144932,1.5645890044651873,1.4231566953051011,0.37035460566400435,0.8117804899453301,-1.4754396583878784,-1.3919762873019903,-0.19490500838928615,0.7546500679906756
125,3,-0.16118123149891941,1.0720216915589154,-1.2127981780225379,0.037423320466565824,-0.22478810854778508,2.4079740055516514,-0.009951649194376189,-0.035135263637527,1.1159039666395243,0.7688423448232385,2.444330755048662,-1.014670717417247,-1.1317403726530149,0.12714363689950364,-1.436520405056316,1.5387471178915235,-0.643569890979221,0.750244655065964,2.5134079414310264,-0.591941493182325
126,2,-2.064110432566964,-1.332446990063516,1.7332978766151173,0.6869866908271284,-0.19702413323381085,0.29449327721989704,2.1522369391117975,0.1821716718395155,-1.5988534449585687,-1.4865320391842443,0.8343440264662068,1.0491046283245313,1.1687139259022228,-0.19025868268775303,-0.06302213123138067,0.4109151028374106,1.2474307189765805,-0.08001493307234138,-1.3523932053906986,-1.8011681362206822
127,0,0.4653973175751755,-1.3387953039851732,1.1386938222569698,1.3588397249904383,-1.2398486443301178,-0.1633319290502917,0.9245273826651741,-1.0636338436619501,-0.7396287147653067,-0.9136611087414396,0.518457689071297,-0.1328694461398059,0.32556012773349946,-0.31203127740633974,-0.24835879311898057,0.3786566369145359,-0.5143951396010016,-0.16028078335790993,1.50707460655158,-0.5024712994276225
128,0,0.4709175578457304,-2.29686230029699,1.367010221482268,1.9546635650343378,-2.6367763116757805,-1.3093266011758946,-1.2524430064388776,-1.3232877600910515,0.8216225045895134,-1.2261771323795276,-0.00764440508760289,0.961360226995692,0.26098361792707625,-0.30907825673153744,0.8805802192299068,-0.2980984613089369,-2.181447990001132,-0.19640722263820642,0.30515517830576877,0.35165039294853784
129,1,1.6766278613968963,1.6002977900500204,-0.345303881274532,-1.2770832465172437,0.9936957482614922,-0.1167670667365498,0.8218778279277025,-0.014199286215479771,0.42182006256999194,-0.5754908027952854,0.18773745120332963,-0.8049087017809466,-0.08704629670535166,2.4673272444325507,0.42695482363639514,1.5919018912086411,-1.4530371627867138,0.2641660788002068,-0.370647615060479,0.4636375631527068
130,0,0.8548390673616417,-0.6030946415265377,0.9445666128655469,1.3858580489332573,-1.9851816656358177,-0.9718663906843976,-0.4530751189818023,-0.020477851832278127,0.5179329907245188,-1.3887890700313426,0.9208636540571059,0.27890992772546064,0.2577082058590029,-0.8323644145928323,1.3017393388232286,1.4838363656145788,-1.0272087364737967,1.25808554519775,-0.6217692115475089,1.786532083845166
131,3,-0.2050805720973422,0.5812194007315685,-0.633161787984471,0.8669810967128604,0.016056015592468276,0.8779535279455026,-0.7727314839361867,-0.25443046040310974,-0.5044937173779629,2.3560993005343613,0.6606469778049615,-0.9419927878503321,-1.4780294537876695,0.45590647247279315,0.5797593621637532,1.134322571448019,0.11403899508468607,-0.35734855423314954,0.8979427487685732,-1.0101941110087012
132,3,0.737420133431532,-0.2892671161794179,-0.04314891970873558,0.6820432406441381,1.3647003302955596,-0.8658772554088411,0.02496030714758979,0.37385718707074395,0.6183734892600607,0.5227072359679035,0.08178465431868054,-0.974836271538155,-1.489095618947982,0.9490945690720938,0.6944988682108817,-0.403868467837722,-1.2121321403111058,-0.4200488576759573,0.3397463457538842,-1.3989872044023601
133,1,0.9128729504746684,0.08581741703722479,0.302352735523614,-0.039487075882620126,0.034136071791451394,-1.417818353515734,1.8092469527524515,-0.29488757416349115,0.6987336566191938,-0.33775723150218234,0.9482656163461609,0.22922294240922217,-0.01878264014985348,2.311647568036375,-1.304507545985258,1.0012432080167766,-1.7320823152995146,0.22843348332605296,-0.657390290450335,1.3998039699495628
134,2,1.3589466424750778,0.4493336251512967,1.673896999334524,0.43374116964614884,-0.9164713241948197,-1.0444753579261372,2.345713235964668,-0.8799980625685997,-1.2439037517334186,-0.863970075422818,1.1084476528645262,-0.03323374468882623,0.3521244835685471,2.0012437816961777,-1.2089557764255374,0.2334571570673979,0.4701912720179587,0.2453306829983473,-0.3978243175756281,-0.5402618004154633
135,0,-0.37743741195342456,-0.8323506937832648,0.9570481454042388,1.3286627634868786,-1.681469847805684,-1.9772274896820967,-0.9520535266692877,0.38163635162583265,0.13186650451084367,0.06645754519267422,0.8436116275125342,-0.34633955311262,1.4518173078751797,-0.22871741823999414,0.562722164626801,0.11332068305492504,-0.14171445166871388,-1.020923075703859,-0.7403164575777352,-0.5529188860854888
136,1,0.03488733717334352,0.8768073782270686,-0.18728873967626242,0.005867912819587429,0.10775583878343631,-1.100864590503869,0.5766960014760156,-1.5833786083983141,-1.0904515156068295,0.08794524449223173,-0.4654191788299473,-0.7675817617613666,-0.5949182962584948,2.8898388050676482,-0.25094810329614803,0.5225419329490011,-0.6392588139233639,-0.9272976863866705,0.9700329080922101,-0.5008794653791343
137,2,-0.2064524783869353,-0.7479322949087993,0.9754719903496077,-0.10095104256717563,0.9090305267410748,0.7845986526371624,2.0929091571041134,-0.7595208662773755,-0.3910100924593244,-0.3735697338209183,2.2654187447607823,1.8805086301594365,1.492018539645528,3.2641569910881523,0.06404170916583773,-0.07463698361520532,1.4211879407144772,-0.9984771069522174,-1.6308076324729268,-1.5382226273573478
138,0,0.9277808534512564,-0.31190291028867856,0.977575996746836,1.4087627414782986,-1.8997257467513136,-1.8412608574067666,-0.08117110966571783,-0.3010496430314956,-0.0445445575191607,-2.3615022511283565,0.5614113069192835,0.8227564579002697,0.4538175695473341,-0.12987996692037712,0.6795124953336541,-0.23187752380036675,-2.7595895910166357,-0.5982070490266411,0.14091887010863624,0.711164583345969
139,2,-1.072902355453341,-0.628259044282548,-1.6307449585053235,-0.131725509698141,-0.0067993027808460615,-0.3848466035260718,2.2741373210565827,-0.4511713620208302,-2.3196138311336267,-0.6413663528064726,-0.12667988205572633,1.5175234600733036,-0.3142544183900775,0.8173524660246774,-0.5752557353576423,-0.21987028470430287,0.9577337033782314,-0.39543566489877846,-2.504704174573318,-2.315053584772306
140,2,-0.6508048565534347,-0.17144568143498767,0.7922169606130163,1.868147369958582,-0.12239486040674719,0.3720380737355624,2.482546758326002,-0.42515338374526784,-0.9127372458624599,-2.0531784693232726,0.2073117753330832,0.2700103625466508,-0.6700587651061678,0.15680416186345603,-1.1863984488616013,0.004677443569791384,1.3388493511885888,-0.9144077565463148,-1.4838692277884187,-2.619881343693509
141,1,0.9075145859832319,-0.08531233024274454,-0.5305928970629885,-0.2915629703729372,1.7056477669330967,-0.5641370102820426,0.8461763920800626,-1.8060729082040199,-1.802820008380044,-0.5774019148872462,0.9360912030170906,-1.0391976277904966,-0.22271618656264316,1.5870464052406437,-0.11029842086102515,1.0775601810016415,-0.7001542769482971,-0.32848980634672414,0.0704850692591367,1.437672080357024
142,2,-0.12366441989296872,0.06794322868984848,2.0340183658186626,0.9994499937021637,-0.8713121716071506,1.5535973108218861,1.8689303373144475,-0.3206909581131568,-1.5356459068117507,-0.39281111374876115,0.0948799905214539,1.2091080031156707,0.4839473755042286,2.3333574765886067,1.237083167868034,-0.42514125649277407,0.9091580503522376,-0.4900586979612269,-0.39088129013569284,-1.3964231102701823
143,3,-0.14415148521369953,-2.1052051021713223,-0.261128939592706,2.2032863391701962,1.320234469443276,1.712593602343039,-1.342391416230559,0.42122074868928033,-0.6378421303547834,0.036476160263938656,1.4891979598301939,0.30505203925732116,-2.0495651040825886,-0.5548625403764389,-0.962505409122054,1.0836474260194404,1.2238629821888005,1.2485062862768845,-0.8911977653495148,0.8275142107355888
144,1,-0.9812453443491725,1.6158349316049883,-1.2424911346124248,-1.0375502034890074,1.2791161996025378,-0.944167228371943,0.4793002613377158,0.6615510920316265,0.5949390885240047,0.36710220988961884,1.9220152814311402,0.7105703530809151,0.311184594723344,1.7073642305275736,-0.794223915882192,0.7784705793135592,-2.6527644060635853,-1.099134237041622,-0.06285852044316215,0.7793840590412215
145,1,0.9294832227069126,0.9420837688170001,0.9432615113481927,-1.0541148962631275,1.4264594993452804,-0.45020793021625316,-0.07393670244341177,0.07929381073682448,1.1336273659138432,-0.8259143720413024,1.580713362750085,0.28217358812251403,-1.1044405705583642,1.903507670605207,-1.9808992373209438,0.46777906947036396,-0.8222913976204511,-0.049479997739088455,-0.08082918109221601,0.9433911483554281
146,2,-1.1646924271625472,0.9024316071628363,0.840087837221536,-0.6934265767570329,-0.8195508890827401,0.34108988291941555,3.390596827411647,-0.5558215242280977,0.5333569136516755,-0.5322281115929517,0.9929797888522106,0.06039588527723594,1.4612449171926611,0.5254016053810395,0.34174889064028907,-1.1136877782534578,0.9996153592650838,0.09029803826849028,-1.398912976598615,-0.8096510595345552
147,0,1.1438793728435852,-1.6486759022790372,1.2052066402821475,0.34642163263029147,-2.8987829035836956,-0.4751319537431371,-1.2354392973506394,0.4252421385176508,-0.21897900756273558,-1.022281210038003,1.2071989505614602,1.24275098502435,0.01783902160876827,0.6417595564889422,0.3798158291101629,-0.3735556084558902,-1.5930554067194578,0.7853519960898393,0.8709031843037618,-0.06499908215640005
148,3,0.17666300574314958,-0.898086348026963,-1.3111752124144542,-0.8677556269764961,1.0149675845741228,0.6919965432269458,-0.21944903302884133,-0.8378736315675955,0.6326991605927765,1.8623246724256346,0.9341888825705189,0.1742632934094496,-0.6722504011330506,2.1230303638220342,-0.6764924732893476,0.8530509007828921,-1.0669785841746497,-0.27906408559928175,0.5859181476617853,0.7685120535706087
149,0,-0.15219165173335852,-2.459938541903477,1.8673244512022522,1.715161190288249,-0.016790759760679563,-2.413798188636819,1.294377049150573,-0.2601341776506803,0.6280790159358203,-2.171265640457157,2.0538634329950662,1.4070053364944126,0.6477855352429208,0.5836692196177886,-0.32327684214381525,0.16773615737318087,-1.8279115107559836,-1.801853505709524,0.21903414106989827,0.3143970431027111
150,2,-0.9303896151319306,-1.0588736753583383,1.3739690943723428,0.3143475962644843,2.030419772278769,0.4678689748431947,1.4007851685900674,0.5751376847641356,-0.007602597754721496,-0.23227443729073882,1.5684599656698306,0.606735257644256,0.6094239326046249,0.6561873700096906,-1.3813223017809324,-0.673223912791162,1.9270794475586133,-0.001433841846537276,-2.352535385613912,-2.377958743335429
151,1,-0.24841165250760766,2.2211624291587704,0.5088307138098978,0.2843331167715136,0.5741063833169672,-0.27629647053373807,1.4537247381779421,0.44870694201532374,0.09348521820090791,-0.8672101172964093,2.7548890919323186,-0.8800790701455228,-0.271696137352156,1.5068500114004721,-0.543878513018426,0.6247002378758799,-1.4310727271441346,-0.46995909814814774,-1.1028089488453139,0.5938641603647553
152,1,0.48738913124487715,1.5809777725837884,-1.0785618745004428,-1.948106005209214,1.9475679335334357,-1.7966496088906279,1.3671231262166237,-0.5994760083189298,-0.12112417213120899,-1.1875329062228168,1.671774262369746,-0.04511018821544291,-0.6337740701420707,0.6548036154898276,-0.6516117576992344,-0.0018966846425912953,-1.3408849379191339,1.7663028972437453,1.2428891061146152,1.1609006408746083
153,1,-0.06648968298600111,0.2776041998907891,-0.5139056453892634,-0.8996717211083757,-0.34447277965513023,-1.5516974646521149,0.2534974803896677,0.36796226008132205,-0.3705629159415464,-0.8237871187190243,1.7000980565211368,-0.26816116865515427,-0.497745265992422,1.8713015956905326,-0.3312728408471384,0.8506195549845974,-1.6183835511193876,-0.9603172137724373,-0.5257933694266148,1.2015403329327243
154,0,0.5303873924223351,-0.8423787402531562,0.1618496036062015,1.5016453870670747,0.325200327272275,-1.6020155666943847,0.1846361755072439,-0.6732068038213921,-0.40721707875383645,0.3825156549213583,0.34102116068085675,0.39852755673585927,-0.5910806959131462,-0.5385103101449065,-1.0776005156726942,1.1367319852080835,0.7826019576141812,-0.613014251277719,-1.8037790006849854,0.08112188330044467
155,3,-0.25631350225142424,-0.23393506821357823,-1.0064177202957647,0.2532130255897367,0.5841888888203448,-0.47432987929551296,-0.34788442545351017,-1.1972199520092084,-0.23861135435168407,0.8261967637936076,1.1138674042943633,0.6958520071637945,-0.9714888241766586,1.4329576888421776,0.8821850934863988,1.047398157465908,0.31478397551430026,0.7588785345995757,0.2740195832898245,-1.3844656690733053
156,2,0.9966537199021472,-0.7464287087477508,0.15080196712672622,1.604424511134368,0.11290128942138195,1.0085823701810488,0.9599332287805191,-0.5434012116584765,-1.8399201997326613,-1.6581197530124414,1.2873405066973063,1.0890479798515216,0.45594198735047525,0.19434753601519117,-0.5252499308414638,-0.22146125898401225,1.6443088464265634,-2.291421672159057,-1.9410952627481697,-1.006010220252276
157,2,-0.6247290139515079,0.5668603293699647,-0.05329716077122282,0.315198685848914,0.5594063827947252,1.6791017469074492,1.9014009942814107,0.36063030842415317,0.4733407935404804,-0.8647761402403963,0.4474042393140856,0.8657293550823186,0.5065680723987891,1.4767391236613916,-0.16391709044402644,-0.27412002532867163,-0.042202927046714134,-0.9652963867818025,0.43907113648366214,-1.2755477942344324
158,3,0.1228790039792188,0.6402141101124752,-0.7556819636870672,-1.216748845943543,0.6680658249757452,2.7347575747918396,0.027583280699337576,-0.41654983198015116,0.5895710206851736,-0.3749221431827793,-0.2116172376892963,-0.05509994181257552,-0.8462311346105224,-1.0005636578929527,-0.7769016963603435,0.698753804613652,-0.7537911871276977,0.47438870799358684,-0.34614426787951247,0.26194445912240216
159,0,0.6386137221798948,0.29140249495761505,1.0024856246993938,1.3908510525371267,-1.9370056673153897,-2.1232982701544727,-0.2642702754242181,-1.2857703683286035,-1.0397691317257862,-0.5316447921177829,-0.019144410807540813,1.0334351408076374,-0.3625446387049832,0.3046854855822952,-0.10182665648038591,1.756580652759056,-1.1981807033924143,0.6689550980380119,-1.0748900274329496,-0.5939631760480081
160,3,-0.6946340342045865,-1.8125587640390841,-1.955295074613362,-1.2212057047412168,-0.10182299959932406,1.0451493856426706,-1.9443085328993206,-0.8623369539359244,1.5494046661270602,-0.29050824314959023,1.1282655852800585,0.737449265975078,-0.3894313821765871,-0.7206906404326838,-0.042422007849026944,-0.6040964615469455,1.5298016407917245,-1.117360520135766,-0.21268178112851943,-1.1418272235934421
161,3,-0.494546753104969,-1.8964949944380562,-2.6140216146720565,0.4553058130070199,0.4901618326742872,0.022117367217079353,-0.48840950410771156,0.5482998373191088,0.3751524154910488,-0.03421130084577681,-0.009868685711219682,0.756262027020055,-0.9094412784643869,1.2078467639214843,0.7744861756483503,-0.4469243011699242,-1.574630412302617,-0.4458928839157085,-0.21942193266519772,0.29485488106064217
162,1,1.0258145218365524,1.5030230787560717,0.5219901130022206,0.3250699642613101,0.4608954906047309,-1.2023550847633362,0.20819169428515283,0.5124944562500762,0.8047780699287146,-0.7213994655506855,2.2688738376979014,-1.7305415076460628,-0.3195049510730156,1.462865381550847,-1.447426613619121,2.8753671849769793,-1.7358238777668138,-0.6610696472693215,0.1835227558518096,-1.0160286594613854
163,2,-0.19144735046449074,-0.10196348706838826,0.32923913665292226,0.9609109353638192,1.03291596107656,0.6927498791659148,1.937135836832225,-0.6924391032282436,-1.6064458481091846,-1.4585069511420312,0.11837340345414532,0.22979488277734428,1.0631657531429863,1.7506495303895333,-1.0751750181117576,-0.23559864406885744,0.030686969633385575,-0.4352420616329446,-1.8279499866801425,-0.6517706951183274
164,1,-0.4536522701146486,0.1245969970919023,0.6700729504883254,-0.14311774110229403,0.5874077893119982,0.8321827323025403,2.022280263283607,-0.2959481227598654,-0.439284310590916,-0.3051721688156588,0.5521259943334821,0.7785011631571873,0.01413816624818326,1.700108439921222,-0.3162681814765901,2.346542261286728,-1.5461054898658007,-0.42531732668288236,1.3697287637630684,1.3602626641521864
165,1,-1.019249183190075,-0.10674647927321534,-0.2424026753499175,-1.631083217292312,-0.14630842709550318,-0.4511140871569954,0.7433069762474819,0.10718977302189772,-1.16430509157907,-1.0502433067406975,1.6923474680699027,0.3214324844726393,-0.8548013137770101,1.6242712203380387,0.8932471670926225,0.9542000111869703,-2.237419328529761,-0.47389494147550304,0.23649475112647203,0.46528762680683866
166,2,-0.10904525792450465,-0.7854137916353664,0.9899857644321343,0.6660283024539637,1.105386214139844,1.001589372963473,2.6126360991753783,-0.4851489433108398,-0.31629134743596277,0.03703441451334344,0.09431976705326006,0.6262460697633991,0.8563716981531446,1.1255709874122881,-1.0080102716596413,-0.5221618433952139,0.782776861874126,-1.9635284173643914,-1.4513615147449297,-1.2591414802822536
167,2,-1.0880258791267974,-2.4418901891436966,0.14757585261403616,0.04892922106327757,0.004750870528583417,1.316962874594891,2.830141618740032,-0.34412963697077226,-0.8087331719034272,0.007179006237613361,0.6001731347068143,0.4743562615861253,-0.6617723621947864,0.44029564008337907,0.2549898214896494,1.3588791589699047,0.9072641582087346,-0.8035887369778584,-2.223658489965293,-0.6917232969590016
168,2,-0.6040571597139532,0.0998189723492221,0.6690598824559887,-0.2570550091243951,1.893062469496009,0.1494774993194697,2.762249441230389,-2.341306442541187,0.5089339771532059,0.3612382674757877,0.6398464522768063,1.5759891205110983,1.1580387250789053,0.2791203794873458,0.08897277210303467,-1.1092561685626117,0.370970342340893,0.7102501896882242,-0.49596017077775967,-1.6983876156961148
169,2,-0.5994123029582388,-1.1339305353937148,1.3460510636495129,-0.247772293219018,0.6925500657680358,0.3737681493071349,1.2994211503811313,-0.8936975314432722,0.59405506216105,-0.6524466941402933,-0.1913408505179779,1.373234922599845,0.5943353545172189,3.5565843569952706,-0.12062599917461964,-0.7668516703176588,1.9939982154868372,-1.6641332587158912,-1.2002301982330439,0.4622555817413776
170,1,1.2296451303284455,1.4280968840246497,-0.20357554535796868,-1.4074867086264575,-0.07900943283735185,-0.669924293585802,1.949007207658195,0.7920124992530839,0.17994738214204223,-1.746245352449928,0.16019532747927712,0.2720721349022086,-1.3515191295729991,1.3144876943795125,-0.6225107587443016,0.058203158301329716,-2.5022796391028956,-0.4101818816400298,0.5656732951242487,1.4354373476902835
171,2,-1.0252836250087467,-1.208859147163845,0.12360751489003063,0.6933925323485322,0.6820315768978626,-1.2491005855722153,1.5131059782564589,0.5571910249003091,-0.4488706908282258,-1.9473798587302664,2.5006363678540167,1.1058189068690798,1.0186937472435813,1.112967040036033,-0.6428014451765864,-1.0444107381216825,2.555315869309906,0.6112603708125857,-0.6181365624509806,-0.6722558606289121
172,2,-1.7398397465347624,-1.9848206310062455,0.7869421476758405,-0.28183534939184823,-1.1786014454418303,0.8633086053655432,3.8377122177110925,0.7052331904794338,-0.7180970372840754,-0.8066964828903211,1.3261444280026264,2.0266747085888173,0.436398004732296,0.8206894077795847,-0.10823322683680842,-0.01925073644150166,0.7515147276481403,-0.2873725209366103,-0.17182045953441127,-0.16567065204917164
173,2,2.1884930756085645,-1.3061190919142118,-0.019167016220524524,0.7004823269245165,0.730519853979182,1.9909321903478976,1.606947854230834,0.3175197985704919,0.41772767467405925,-0.25005446247135965,-0.15281765096396038,2.2551793369242503,1.694686524845186,1.2730148510322272,-0.18524692248127425,-0.2814653846290701,0.7949872474656516,0.32132378252049865,-1.2507784409819398,-1.8121071942855937
174,3,0.05832757697612431,-0.4395059701256392,-1.3263379564247426,1.8231209225009795,0.5290855095654627,0.19641268047998778,-0.27960071742273235,-1.2370468388333387,-0.5157417506376073,1.0035468356824793,-0.5185087653014987,1.1176549063212071,0.28945696708569646,0.20159647379476536,0.37587595001161334,1.5857550219485894,-0.80068399677135,0.8527601074976594,0.08867135786279945,-0.691428374386782
175,3,-0.8807147422110859,0.2866025984345566,-2.8558475496877707,1.2888801480481167,0.3722582209654127,0.21488168314390477,0.6883424176055558,-0.33914355069332136,-0.42736951408199997,0.11437320559338865,1.2025066865979803,-0.1298890770596133,-2.1785394304303196,-0.1953978006516483,1.1674928212421807,0.7503067853761773,-0.06638281937347656,-0.050597274661715846,0.09799223702872106,1.0327090201800906
176,3,-0.5897293326740725,-0.8319591297490097,-0.8242651324206958,0.8582818661472726,2.416589442719833,0.8121528653870913,-2.5679528774893345,0.4932004778119685,0.14698980473240728,0.25344861621017906,1.0681866254651264,0.20065291863484278,-0.9615419604459225,0.9875961118703929,-0.2912389016850356,-0.06766371444357233,1.991772515761379,-0.41414626394827253,0.705704723935398,-1.5058747404205324
177,0,1.1407688123713304,-0.6623764515380366,1.2051788154663126,-0.47639915432227653,-0.4815190527906261,-2.2556845556158183,1.3506890546023773,0.5009925004416068,0.4450650359234553,-1.5370317523002854,1.0006698507184468,0.40105480691306045,0.7021452202761284,-0.13231873777955644,-1.3417690065679424,1.528715546626211,-1.5220415450951554,-0.707511535959091,-0.9186344405566097,-0.35211018714992737
178,2,-2.177452974176828,0.42285887505061703,0.890956950158452,0.22211126979334767,0.3029512501269838,1.019736412816727,0.8978795424065786,-0.87832008162766,-1.4212850193855617,0.6034346977415193,1.3165038480581361,-0.6331818201873998,-0.4997827215191255,0.6874706965139362,-0.7266772419063774,-1.5218575591260777,2.4137856713775454,0.05872760630444848,-0.8958332650474486,-1.6868991733892518
179,3,0.3748541102053328,-2.143354529010768,0.4531410721895466,0.7965041596038017,1.7680095382277816,-0.31718153698985974,-1.4040418065112488,-0.69735885421313,0.3169239472725993,0.2714752382636098,0.49989932256324543,-0.5876598055335414,-1.9327293017862854,0.4583736236772392,-0.23004368760031485,0.14199976018115834,0.8104189425687536,0.0926791485225271,1.6416247411088771,-0.7359482858663957
180,3,0.8111255798643433,-0.22788244805349978,-1.9618630933212098,0.09404949221135417,-0.05985633760563991,1.1251812232058342,-0.5289881538886532,-0.8802486238377562,-0.03430956126825381,-0.9766012718460099,0.8289035874923819,-1.1007024544150654,-0.496390291293921,0.7995308448810229,1.6687845307480704,1.368783985665642,-0.7655840509945364,0.8129957656963032,-0.4925407107888061,-1.0793246226651068
